delta,theta,alpha,beta,gamma
23.104050010461833,3.2376752520031085,0.7103649478943609,0.1446761968475733,0.004660384959659276
